<?xml version="1.0" encoding="UTF-8"?>
<project-private xmlns="http://www.netbeans.org/ns/project-private/1">
    <editor-bookmarks xmlns="http://www.netbeans.org/ns/editor-bookmarks/2" lastBookmarkId="0"/>
    <open-files xmlns="http://www.netbeans.org/ns/projectui-open-files/2">
        <group>
            <file>file:/C:/Users/Duallo%20Arman/Downloads/SDDTS-main/SDDTS-main/SDDTS/javaswingGUI/src/General/StudentBackgroundList.java</file>
            <file>file:/C:/Users/Duallo%20Arman/Downloads/SDDTS-main/SDDTS-main/SDDTS/javaswingGUI/src/javaswinggui/Sign_up.java</file>
            <file>file:/C:/Users/Duallo%20Arman/Downloads/SDDTS-main/SDDTS-main/SDDTS/javaswingGUI/src/javaswinggui/StudentBackground.java</file>
            <file>file:/C:/Users/Duallo%20Arman/Downloads/SDDTS-main/SDDTS-main/SDDTS/javaswingGUI/src/javaswinggui/HomePage.java</file>
            <file>file:/C:/Users/Duallo%20Arman/Downloads/SDDTS-main/SDDTS-main/SDDTS/javaswingGUI/src/javaswinggui/login.java</file>
            <file>file:/C:/Users/Duallo%20Arman/Downloads/SDDTS-main/SDDTS-main/SDDTS/javaswingGUI/src/javaswinggui/StudentRequirements.java</file>
        </group>
    </open-files>
</project-private>
